Pipeline(memory=None,
     steps=[('tfidf', TfidfVectorizer(analyzer='char', binary=True, decode_error='strict',
        dtype=<class 'numpy.int64'>, encoding='utf-8', input='content',
        lowercase=True, max_df=1.0, max_features=None, min_df=1,
        ngram_range=(1, 5), norm='l2', preprocessor=None, smooth_idf=True,
  ...,
  max_iter=-1, probability=False, random_state=None, shrinking=True,
  tol=0.001, verbose=False))])
facebook_corpus_msr_396174,NAG
facebook_corpus_msr_422473,CAG
facebook_corpus_msr_341422,CAG
facebook_corpus_msr_481654,NAG
facebook_corpus_msr_427757,CAG
facebook_corpus_msr_469689,NAG
facebook_corpus_msr_470520,NAG
facebook_corpus_msr_477554,CAG
facebook_corpus_msr_440935,NAG
facebook_corpus_msr_466432,CAG
facebook_corpus_msr_408292,OAG
facebook_corpus_msr_428078,NAG
facebook_corpus_msr_456793,NAG
facebook_corpus_msr_407396,NAG
facebook_corpus_msr_496593,NAG
facebook_corpus_msr_488495,NAG
facebook_corpus_msr_495869,CAG
facebook_corpus_msr_467320,CAG
facebook_corpus_msr_382943,NAG
facebook_corpus_msr_419939,NAG
facebook_corpus_msr_490661,NAG
facebook_corpus_msr_419656,CAG
facebook_corpus_msr_332395,CAG
facebook_corpus_msr_489120,CAG
facebook_corpus_msr_443565,NAG
facebook_corpus_msr_477597,CAG
facebook_corpus_msr_443505,CAG
facebook_corpus_msr_330416,OAG
facebook_corpus_msr_352613,OAG
facebook_corpus_msr_332446,CAG
facebook_corpus_msr_367185,NAG
facebook_corpus_msr_330436,CAG
facebook_corpus_msr_470137,CAG
facebook_corpus_msr_483945,NAG
facebook_corpus_msr_456790,NAG
facebook_corpus_msr_408959,OAG
facebook_corpus_msr_408314,OAG
facebook_corpus_msr_440954,CAG
facebook_corpus_msr_481710,CAG
facebook_corpus_msr_335808,CAG
facebook_corpus_msr_496197,NAG
facebook_corpus_msr_326671,NAG
facebook_corpus_msr_471070,CAG
facebook_corpus_msr_403764,NAG
facebook_corpus_msr_325468,NAG
facebook_corpus_msr_495868,NAG
facebook_corpus_msr_358026,CAG
facebook_corpus_msr_466407,CAG
facebook_corpus_msr_333788,NAG
facebook_corpus_msr_487381,NAG
facebook_corpus_msr_328475,OAG
facebook_corpus_msr_333700,NAG
facebook_corpus_msr_385738,NAG
facebook_corpus_msr_467382,OAG
facebook_corpus_msr_491708,NAG
facebook_corpus_msr_491322,NAG
facebook_corpus_msr_429453,NAG
facebook_corpus_msr_402219,OAG
facebook_corpus_msr_443770,CAG
facebook_corpus_msr_383482,CAG
facebook_corpus_msr_333805,CAG
facebook_corpus_msr_434825,NAG
facebook_corpus_msr_440135,CAG
facebook_corpus_msr_490858,NAG
facebook_corpus_msr_331481,CAG
facebook_corpus_msr_400746,OAG
facebook_corpus_msr_467161,CAG
facebook_corpus_msr_433427,NAG
facebook_corpus_msr_416607,NAG
facebook_corpus_msr_407916,NAG
facebook_corpus_msr_466683,CAG
facebook_corpus_msr_422539,NAG
facebook_corpus_msr_338023,NAG
facebook_corpus_msr_467811,CAG
facebook_corpus_msr_494437,NAG
facebook_corpus_msr_405147,CAG
facebook_corpus_msr_433633,NAG
facebook_corpus_msr_443518,NAG
facebook_corpus_msr_331717,CAG
facebook_corpus_msr_402201,CAG
facebook_corpus_msr_468731,CAG
facebook_corpus_msr_473416,NAG
facebook_corpus_msr_467766,NAG
facebook_corpus_msr_330494,CAG
facebook_corpus_msr_433465,NAG
facebook_corpus_msr_466447,CAG
facebook_corpus_msr_477608,NAG
facebook_corpus_msr_334823,NAG
facebook_corpus_msr_400906,CAG
facebook_corpus_msr_466419,CAG
facebook_corpus_msr_477499,CAG
facebook_corpus_msr_426143,NAG
facebook_corpus_msr_330197,NAG
facebook_corpus_msr_491260,NAG
facebook_corpus_msr_437991,NAG
facebook_corpus_msr_330199,NAG
facebook_corpus_msr_477674,NAG
facebook_corpus_msr_328223,CAG
facebook_corpus_msr_328181,CAG
facebook_corpus_msr_330537,CAG
facebook_corpus_msr_507591,CAG
facebook_corpus_msr_440117,NAG
facebook_corpus_msr_467960,CAG
facebook_corpus_msr_332396,OAG
facebook_corpus_msr_490553,NAG
facebook_corpus_msr_477934,CAG
facebook_corpus_msr_477202,CAG
facebook_corpus_msr_488940,CAG
facebook_corpus_msr_334822,NAG
facebook_corpus_msr_435292,NAG
facebook_corpus_msr_337889,NAG
facebook_corpus_msr_332137,NAG
facebook_corpus_msr_477640,NAG
facebook_corpus_msr_485110,NAG
facebook_corpus_msr_416692,NAG
facebook_corpus_msr_377458,CAG
facebook_corpus_msr_490640,NAG
facebook_corpus_msr_483950,NAG
facebook_corpus_msr_337868,CAG
facebook_corpus_msr_470546,NAG
facebook_corpus_msr_341816,NAG
facebook_corpus_msr_398096,OAG
facebook_corpus_msr_352968,NAG
facebook_corpus_msr_503374,NAG
facebook_corpus_msr_504808,CAG
facebook_corpus_msr_335724,OAG
facebook_corpus_msr_436547,NAG
facebook_corpus_msr_466526,CAG
facebook_corpus_msr_503306,CAG
facebook_corpus_msr_417661,NAG
facebook_corpus_msr_384462,CAG
facebook_corpus_msr_333737,CAG
facebook_corpus_msr_496242,NAG
facebook_corpus_msr_456786,CAG
facebook_corpus_msr_495147,OAG
facebook_corpus_msr_426770,NAG
facebook_corpus_msr_402205,OAG
facebook_corpus_msr_331711,CAG
facebook_corpus_msr_483913,NAG
facebook_corpus_msr_424416,CAG
facebook_corpus_msr_331519,CAG
facebook_corpus_msr_463090,CAG
facebook_corpus_msr_417666,NAG
facebook_corpus_msr_471088,CAG
facebook_corpus_msr_419649,NAG
facebook_corpus_msr_473785,NAG
facebook_corpus_msr_335717,CAG
facebook_corpus_msr_417668,NAG
facebook_corpus_msr_466549,NAG
facebook_corpus_msr_484507,OAG
facebook_corpus_msr_323130,NAG
facebook_corpus_msr_406208,CAG
facebook_corpus_msr_425567,NAG
facebook_corpus_msr_414715,NAG
facebook_corpus_msr_477787,CAG
facebook_corpus_msr_469708,NAG
facebook_corpus_msr_477938,CAG
facebook_corpus_msr_423644,OAG
facebook_corpus_msr_333689,NAG
facebook_corpus_msr_489597,NAG
facebook_corpus_msr_335885,CAG
facebook_corpus_msr_477778,NAG
facebook_corpus_msr_416533,NAG
facebook_corpus_msr_466592,CAG
facebook_corpus_msr_335659,CAG
facebook_corpus_msr_430864,NAG
facebook_corpus_msr_428093,NAG
facebook_corpus_msr_484808,NAG
facebook_corpus_msr_473437,CAG
facebook_corpus_msr_484529,NAG
facebook_corpus_msr_481835,NAG
facebook_corpus_msr_471878,NAG
facebook_corpus_msr_434201,NAG
facebook_corpus_msr_338229,CAG
facebook_corpus_msr_466825,CAG
facebook_corpus_msr_436817,NAG
facebook_corpus_msr_490895,NAG
facebook_corpus_msr_468717,NAG
facebook_corpus_msr_333593,NAG
facebook_corpus_msr_477641,CAG
facebook_corpus_msr_456643,NAG
facebook_corpus_msr_333749,CAG
facebook_corpus_msr_442643,CAG
facebook_corpus_msr_421669,NAG
facebook_corpus_msr_490767,NAG
facebook_corpus_msr_468741,NAG
facebook_corpus_msr_440714,CAG
facebook_corpus_msr_477820,CAG
facebook_corpus_msr_496133,CAG
facebook_corpus_msr_330068,CAG
facebook_corpus_msr_328187,NAG
facebook_corpus_msr_442020,NAG
facebook_corpus_msr_331707,OAG
facebook_corpus_msr_477184,CAG
facebook_corpus_msr_338112,CAG
facebook_corpus_msr_466749,CAG
facebook_corpus_msr_366094,CAG
facebook_corpus_msr_481471,NAG
facebook_corpus_msr_332402,NAG
facebook_corpus_msr_488391,NAG
facebook_corpus_msr_477609,NAG
facebook_corpus_msr_468697,NAG
facebook_corpus_msr_451251,NAG
facebook_corpus_msr_371562,NAG
facebook_corpus_msr_469729,NAG
facebook_corpus_msr_466441,CAG
facebook_corpus_msr_406258,OAG
facebook_corpus_msr_404913,CAG
facebook_corpus_msr_485336,NAG
facebook_corpus_msr_469869,CAG
facebook_corpus_msr_503593,NAG
facebook_corpus_msr_430860,NAG
facebook_corpus_msr_330525,OAG
facebook_corpus_msr_406183,CAG
facebook_corpus_msr_428935,NAG
facebook_corpus_msr_467199,CAG
facebook_corpus_msr_466698,NAG
facebook_corpus_msr_482911,NAG
facebook_corpus_msr_473826,NAG
facebook_corpus_msr_335692,CAG
facebook_corpus_msr_333832,OAG
facebook_corpus_msr_417966,CAG
facebook_corpus_msr_334586,CAG
facebook_corpus_msr_406488,OAG
facebook_corpus_msr_467581,CAG
facebook_corpus_msr_406290,OAG
facebook_corpus_msr_433456,NAG
facebook_corpus_msr_407896,CAG
facebook_corpus_msr_402204,NAG
facebook_corpus_msr_424420,NAG
facebook_corpus_msr_440087,NAG
facebook_corpus_msr_404727,OAG
facebook_corpus_msr_409467,NAG
facebook_corpus_msr_357915,CAG
facebook_corpus_msr_414498,CAG
facebook_corpus_msr_333584,CAG
facebook_corpus_msr_328497,CAG
facebook_corpus_msr_469794,CAG
facebook_corpus_msr_489178,OAG
facebook_corpus_msr_443789,NAG
facebook_corpus_msr_328711,OAG
facebook_corpus_msr_440944,NAG
facebook_corpus_msr_466933,CAG
facebook_corpus_msr_424446,NAG
facebook_corpus_msr_411691,NAG
facebook_corpus_msr_428095,NAG
facebook_corpus_msr_411012,CAG
facebook_corpus_msr_470502,NAG
facebook_corpus_msr_469702,NAG
facebook_corpus_msr_466492,CAG
facebook_corpus_msr_466473,CAG
facebook_corpus_msr_467740,CAG
facebook_corpus_msr_426795,NAG
facebook_corpus_msr_481068,NAG
facebook_corpus_msr_333824,CAG
facebook_corpus_msr_376851,CAG
facebook_corpus_msr_482895,NAG
facebook_corpus_msr_442904,NAG
facebook_corpus_msr_331714,CAG
facebook_corpus_msr_467778,NAG
facebook_corpus_msr_333572,CAG
facebook_corpus_msr_469815,CAG
facebook_corpus_msr_436392,NAG
facebook_corpus_msr_400859,NAG
facebook_corpus_msr_402244,OAG
facebook_corpus_msr_443543,NAG
facebook_corpus_msr_436338,NAG
facebook_corpus_msr_505731,NAG
facebook_corpus_msr_471840,CAG
facebook_corpus_msr_437626,CAG
facebook_corpus_msr_469700,NAG
facebook_corpus_msr_333581,OAG
facebook_corpus_msr_451327,NAG
facebook_corpus_msr_341326,CAG
facebook_corpus_msr_484679,OAG
facebook_corpus_msr_357882,OAG
facebook_corpus_msr_400729,OAG
facebook_corpus_msr_502724,NAG
facebook_corpus_msr_422137,CAG
facebook_corpus_msr_466997,CAG
facebook_corpus_msr_403796,OAG
facebook_corpus_msr_440971,CAG
facebook_corpus_msr_384476,NAG
facebook_corpus_msr_470736,CAG
facebook_corpus_msr_490094,OAG
facebook_corpus_msr_425015,NAG
facebook_corpus_msr_495197,NAG
facebook_corpus_msr_484675,NAG
facebook_corpus_msr_433420,NAG
facebook_corpus_msr_358260,CAG
facebook_corpus_msr_477714,NAG
facebook_corpus_msr_430857,NAG
facebook_corpus_msr_336227,NAG
facebook_corpus_msr_333774,CAG
facebook_corpus_msr_466500,NAG
facebook_corpus_msr_496326,NAG
facebook_corpus_msr_402198,NAG
facebook_corpus_msr_436372,NAG
facebook_corpus_msr_439652,CAG
facebook_corpus_msr_505965,NAG
facebook_corpus_msr_466717,CAG
facebook_corpus_msr_477768,CAG
facebook_corpus_msr_428493,NAG
facebook_corpus_msr_333759,CAG
facebook_corpus_msr_477752,CAG
facebook_corpus_msr_466430,CAG
facebook_corpus_msr_477563,CAG
facebook_corpus_msr_468938,CAG
facebook_corpus_msr_429537,NAG
facebook_corpus_msr_424199,NAG
facebook_corpus_msr_484505,CAG
facebook_corpus_msr_331477,NAG
facebook_corpus_msr_428112,NAG
facebook_corpus_msr_403830,CAG
facebook_corpus_msr_466563,OAG
facebook_corpus_msr_443724,NAG
facebook_corpus_msr_415923,NAG
facebook_corpus_msr_477760,NAG
facebook_corpus_msr_436330,NAG
facebook_corpus_msr_494903,CAG
facebook_corpus_msr_467735,CAG
facebook_corpus_msr_477005,CAG
facebook_corpus_msr_477553,CAG
facebook_corpus_msr_406192,CAG
facebook_corpus_msr_456553,NAG
facebook_corpus_msr_414800,CAG
facebook_corpus_msr_424448,CAG
facebook_corpus_msr_400973,NAG
facebook_corpus_msr_469128,NAG
facebook_corpus_msr_440949,NAG
facebook_corpus_msr_467822,CAG
facebook_corpus_msr_487389,NAG
facebook_corpus_msr_466457,NAG
facebook_corpus_msr_495213,CAG
facebook_corpus_msr_333793,CAG
facebook_corpus_msr_415885,NAG
facebook_corpus_msr_442494,NAG
facebook_corpus_msr_437670,NAG
facebook_corpus_msr_481617,NAG
facebook_corpus_msr_490684,NAG
facebook_corpus_msr_422570,NAG
facebook_corpus_msr_490887,NAG
facebook_corpus_msr_466519,NAG
facebook_corpus_msr_441384,CAG
facebook_corpus_msr_415500,NAG
facebook_corpus_msr_357415,NAG
facebook_corpus_msr_495872,NAG
facebook_corpus_msr_331118,NAG
facebook_corpus_msr_442087,NAG
facebook_corpus_msr_328970,NAG
facebook_corpus_msr_468913,CAG
facebook_corpus_msr_442900,CAG
facebook_corpus_msr_492211,NAG
facebook_corpus_msr_457640,CAG
facebook_corpus_msr_435010,NAG
facebook_corpus_msr_492210,NAG
facebook_corpus_msr_472074,CAG
facebook_corpus_msr_440963,NAG
facebook_corpus_msr_335657,OAG
facebook_corpus_msr_407224,NAG
facebook_corpus_msr_403669,OAG
facebook_corpus_msr_466854,CAG
facebook_corpus_msr_336212,OAG
facebook_corpus_msr_471265,NAG
facebook_corpus_msr_331663,NAG
facebook_corpus_msr_376636,CAG
facebook_corpus_msr_435012,NAG
facebook_corpus_msr_473582,NAG
facebook_corpus_msr_382907,NAG
facebook_corpus_msr_469838,NAG
facebook_corpus_msr_489508,NAG
facebook_corpus_msr_357851,OAG
facebook_corpus_msr_333792,CAG
facebook_corpus_msr_365928,NAG
facebook_corpus_msr_470499,NAG
facebook_corpus_msr_488971,NAG
facebook_corpus_msr_440950,NAG
facebook_corpus_msr_494359,CAG
facebook_corpus_msr_368087,CAG
facebook_corpus_msr_400846,OAG
facebook_corpus_msr_333815,CAG
facebook_corpus_msr_427084,NAG
facebook_corpus_msr_400863,CAG
facebook_corpus_msr_477253,NAG
facebook_corpus_msr_442493,NAG
facebook_corpus_msr_496241,CAG
facebook_corpus_msr_422532,NAG
facebook_corpus_msr_402379,NAG
facebook_corpus_msr_378877,CAG
facebook_corpus_msr_333709,OAG
facebook_corpus_msr_436545,NAG
facebook_corpus_msr_485238,NAG
facebook_corpus_msr_418216,NAG
facebook_corpus_msr_357829,CAG
facebook_corpus_msr_358154,OAG
facebook_corpus_msr_488298,NAG
facebook_corpus_msr_507706,CAG
facebook_corpus_msr_470676,NAG
facebook_corpus_msr_393883,NAG
facebook_corpus_msr_403792,NAG
facebook_corpus_msr_484786,NAG
facebook_corpus_msr_495230,CAG
facebook_corpus_msr_484792,NAG
facebook_corpus_msr_372862,OAG
facebook_corpus_msr_466440,NAG
facebook_corpus_msr_400866,NAG
facebook_corpus_msr_506010,NAG
facebook_corpus_msr_467304,NAG
facebook_corpus_msr_466576,NAG
facebook_corpus_msr_472105,NAG
facebook_corpus_msr_443617,NAG
facebook_corpus_msr_404269,OAG
facebook_corpus_msr_402021,CAG
facebook_corpus_msr_434822,NAG
facebook_corpus_msr_477771,NAG
facebook_corpus_msr_357883,OAG
facebook_corpus_msr_468884,CAG
facebook_corpus_msr_440953,NAG
facebook_corpus_msr_419660,CAG
facebook_corpus_msr_477779,CAG
facebook_corpus_msr_477655,NAG
facebook_corpus_msr_461469,NAG
facebook_corpus_msr_422525,NAG
facebook_corpus_msr_426203,CAG
facebook_corpus_msr_494444,CAG
facebook_corpus_msr_493316,NAG
facebook_corpus_msr_358224,OAG
facebook_corpus_msr_494809,NAG
facebook_corpus_msr_355578,OAG
facebook_corpus_msr_469734,NAG
facebook_corpus_msr_436982,NAG
facebook_corpus_msr_490648,NAG
facebook_corpus_msr_467316,CAG
facebook_corpus_msr_434817,CAG
facebook_corpus_msr_438574,NAG
facebook_corpus_msr_336240,CAG
facebook_corpus_msr_427080,NAG
facebook_corpus_msr_485196,NAG
facebook_corpus_msr_403574,CAG
facebook_corpus_msr_437345,CAG
facebook_corpus_msr_416935,NAG
facebook_corpus_msr_384595,NAG
facebook_corpus_msr_413780,NAG
facebook_corpus_msr_466693,CAG
facebook_corpus_msr_416918,CAG
facebook_corpus_msr_468904,CAG
facebook_corpus_msr_335768,CAG
facebook_corpus_msr_443577,NAG
facebook_corpus_msr_400402,NAG
facebook_corpus_msr_488996,CAG
facebook_corpus_msr_409724,NAG
facebook_corpus_msr_466536,CAG
facebook_corpus_msr_502771,NAG
facebook_corpus_msr_466655,CAG
facebook_corpus_msr_415856,CAG
facebook_corpus_msr_416681,NAG
facebook_corpus_msr_440462,CAG
facebook_corpus_msr_440962,CAG
facebook_corpus_msr_469704,NAG
facebook_corpus_msr_466628,NAG
facebook_corpus_msr_428117,NAG
facebook_corpus_msr_384508,NAG
facebook_corpus_msr_443562,NAG
facebook_corpus_msr_465946,CAG
facebook_corpus_msr_357187,NAG
facebook_corpus_msr_331488,NAG
facebook_corpus_msr_473081,NAG
facebook_corpus_msr_471883,CAG
facebook_corpus_msr_332367,CAG
facebook_corpus_msr_442495,NAG
facebook_corpus_msr_325860,NAG
facebook_corpus_msr_489298,OAG
facebook_corpus_msr_468714,NAG
facebook_corpus_msr_473517,CAG
facebook_corpus_msr_403752,NAG
facebook_corpus_msr_415503,CAG
facebook_corpus_msr_418510,OAG
facebook_corpus_msr_506226,NAG
facebook_corpus_msr_333837,CAG
facebook_corpus_msr_409044,NAG
facebook_corpus_msr_404258,CAG
facebook_corpus_msr_424008,NAG
facebook_corpus_msr_488085,CAG
facebook_corpus_msr_331474,CAG
facebook_corpus_msr_443839,CAG
facebook_corpus_msr_489192,CAG
facebook_corpus_msr_443626,NAG
facebook_corpus_msr_483914,NAG
facebook_corpus_msr_442650,NAG
facebook_corpus_msr_407866,CAG
facebook_corpus_msr_323059,OAG
facebook_corpus_msr_440943,CAG
facebook_corpus_msr_467785,CAG
facebook_corpus_msr_330142,CAG
facebook_corpus_msr_416543,NAG
facebook_corpus_msr_507714,CAG
facebook_corpus_msr_411985,CAG
facebook_corpus_msr_456637,NAG
facebook_corpus_msr_471864,CAG
facebook_corpus_msr_407978,NAG
facebook_corpus_msr_468726,NAG
facebook_corpus_msr_451290,NAG
facebook_corpus_msr_334589,CAG
facebook_corpus_msr_468533,NAG
facebook_corpus_msr_484789,NAG
facebook_corpus_msr_507716,NAG
facebook_corpus_msr_430856,NAG
facebook_corpus_msr_490626,NAG
facebook_corpus_msr_481065,NAG
facebook_corpus_msr_472125,CAG
facebook_corpus_msr_472102,CAG
facebook_corpus_msr_483966,NAG
facebook_corpus_msr_383731,CAG
facebook_corpus_msr_482913,NAG
facebook_corpus_msr_481066,CAG
facebook_corpus_msr_490474,NAG
facebook_corpus_msr_490472,NAG
facebook_corpus_msr_467787,CAG
facebook_corpus_msr_466679,NAG
facebook_corpus_msr_330070,CAG
facebook_corpus_msr_435537,CAG
facebook_corpus_msr_396190,CAG
facebook_corpus_msr_466409,CAG
facebook_corpus_msr_419931,OAG
facebook_corpus_msr_463151,NAG
facebook_corpus_msr_477757,NAG
facebook_corpus_msr_468701,NAG
facebook_corpus_msr_409453,NAG
facebook_corpus_msr_429541,NAG
facebook_corpus_msr_468444,NAG
facebook_corpus_msr_333577,OAG
facebook_corpus_msr_488301,NAG
facebook_corpus_msr_408960,CAG
facebook_corpus_msr_451315,OAG
facebook_corpus_msr_406231,NAG
facebook_corpus_msr_468440,CAG
facebook_corpus_msr_495173,CAG
facebook_corpus_msr_469699,NAG
facebook_corpus_msr_415179,NAG
facebook_corpus_msr_403698,CAG
facebook_corpus_msr_466556,CAG
facebook_corpus_msr_502723,NAG
facebook_corpus_msr_405056,NAG
facebook_corpus_msr_466480,CAG
facebook_corpus_msr_489989,NAG
facebook_corpus_msr_495154,CAG
facebook_corpus_msr_477712,CAG
facebook_corpus_msr_335663,OAG
facebook_corpus_msr_467867,NAG
facebook_corpus_msr_443559,NAG
facebook_corpus_msr_470373,NAG
facebook_corpus_msr_372561,CAG
facebook_corpus_msr_342162,NAG
facebook_corpus_msr_456555,NAG
facebook_corpus_msr_468443,NAG
facebook_corpus_msr_403799,NAG
facebook_corpus_msr_434197,NAG
facebook_corpus_msr_401153,NAG
facebook_corpus_msr_355752,CAG
facebook_corpus_msr_473109,NAG
facebook_corpus_msr_428125,NAG
facebook_corpus_msr_377586,NAG
facebook_corpus_msr_506300,NAG
facebook_corpus_msr_377485,CAG
facebook_corpus_msr_342163,NAG
facebook_corpus_msr_489881,CAG
facebook_corpus_msr_507439,NAG
facebook_corpus_msr_328229,CAG
facebook_corpus_msr_325512,OAG
facebook_corpus_msr_414006,NAG
facebook_corpus_msr_471905,NAG
facebook_corpus_msr_470517,NAG
facebook_corpus_msr_466674,CAG
facebook_corpus_msr_470716,CAG
facebook_corpus_msr_334593,CAG
facebook_corpus_msr_481823,CAG
facebook_corpus_msr_330538,NAG
facebook_corpus_msr_331713,NAG
facebook_corpus_msr_495179,CAG
facebook_corpus_msr_457205,NAG
facebook_corpus_msr_467734,NAG
facebook_corpus_msr_477792,NAG
facebook_corpus_msr_468764,NAG
facebook_corpus_msr_405904,CAG
facebook_corpus_msr_333755,CAG
facebook_corpus_msr_331536,CAG
facebook_corpus_msr_490792,NAG
facebook_corpus_msr_335850,CAG
facebook_corpus_msr_438591,NAG
facebook_corpus_msr_436975,NAG
facebook_corpus_msr_490633,NAG
facebook_corpus_msr_466467,CAG
facebook_corpus_msr_495003,CAG
facebook_corpus_msr_478194,NAG
facebook_corpus_msr_473016,NAG
facebook_corpus_msr_473124,NAG
facebook_corpus_msr_467876,OAG
facebook_corpus_msr_418199,NAG
facebook_corpus_msr_468670,CAG
facebook_corpus_msr_477689,NAG
facebook_corpus_msr_469855,CAG
facebook_corpus_msr_440982,NAG
facebook_corpus_msr_405361,CAG
facebook_corpus_msr_477951,CAG
facebook_corpus_msr_428135,NAG
facebook_corpus_msr_471866,NAG
facebook_corpus_msr_332151,CAG
facebook_corpus_msr_477780,CAG
facebook_corpus_msr_472063,NAG
facebook_corpus_msr_418861,NAG
facebook_corpus_msr_325498,OAG
facebook_corpus_msr_406190,CAG
facebook_corpus_msr_331686,CAG
facebook_corpus_msr_466589,CAG
facebook_corpus_msr_497231,NAG
facebook_corpus_msr_441761,NAG
facebook_corpus_msr_404744,OAG
facebook_corpus_msr_442126,NAG
facebook_corpus_msr_470723,CAG
facebook_corpus_msr_398064,CAG
facebook_corpus_msr_408295,NAG
facebook_corpus_msr_466591,CAG
facebook_corpus_msr_406195,CAG
facebook_corpus_msr_466445,CAG
facebook_corpus_msr_466465,CAG
facebook_corpus_msr_372888,NAG
facebook_corpus_msr_467613,NAG
facebook_corpus_msr_442310,NAG
facebook_corpus_msr_331486,OAG
facebook_corpus_msr_341618,OAG
facebook_corpus_msr_496127,NAG
facebook_corpus_msr_464795,CAG
facebook_corpus_msr_443733,NAG
facebook_corpus_msr_466002,NAG
facebook_corpus_msr_335730,CAG
facebook_corpus_msr_490477,NAG
facebook_corpus_msr_406943,CAG
facebook_corpus_msr_414818,NAG
facebook_corpus_msr_503595,OAG
facebook_corpus_msr_504804,NAG
facebook_corpus_msr_506715,CAG
facebook_corpus_msr_457204,NAG
facebook_corpus_msr_481481,NAG
facebook_corpus_msr_398047,OAG
facebook_corpus_msr_495338,NAG
facebook_corpus_msr_440981,CAG
facebook_corpus_msr_402368,CAG
facebook_corpus_msr_471859,NAG
facebook_corpus_msr_404733,NAG
facebook_corpus_msr_492712,NAG
facebook_corpus_msr_333739,CAG
facebook_corpus_msr_419652,CAG
facebook_corpus_msr_489405,NAG
facebook_corpus_msr_477529,NAG
facebook_corpus_msr_335703,CAG
facebook_corpus_msr_490643,NAG
facebook_corpus_msr_467685,CAG
facebook_corpus_msr_477643,NAG
facebook_corpus_msr_353342,OAG
facebook_corpus_msr_393747,OAG
facebook_corpus_msr_487682,CAG
facebook_corpus_msr_406206,CAG
facebook_corpus_msr_331535,CAG
facebook_corpus_msr_466520,NAG
facebook_corpus_msr_482887,NAG
facebook_corpus_msr_441346,CAG
facebook_corpus_msr_331495,OAG
facebook_corpus_msr_468445,CAG
facebook_corpus_msr_466435,CAG
facebook_corpus_msr_402026,NAG
facebook_corpus_msr_440976,NAG
facebook_corpus_msr_371559,OAG
facebook_corpus_msr_467868,CAG
facebook_corpus_msr_440426,CAG
facebook_corpus_msr_333566,CAG
facebook_corpus_msr_378286,OAG
facebook_corpus_msr_333706,CAG
facebook_corpus_msr_337866,OAG
facebook_corpus_msr_470727,CAG
facebook_corpus_msr_334592,NAG
facebook_corpus_msr_331650,CAG
facebook_corpus_msr_440985,CAG
facebook_corpus_msr_440072,NAG
facebook_corpus_msr_467877,CAG
facebook_corpus_msr_323114,CAG
facebook_corpus_msr_466450,CAG
facebook_corpus_msr_441355,CAG
facebook_corpus_msr_461212,CAG
facebook_corpus_msr_440936,CAG
facebook_corpus_msr_443728,NAG
facebook_corpus_msr_406626,OAG
facebook_corpus_msr_331463,NAG
facebook_corpus_msr_331468,CAG
facebook_corpus_msr_343111,OAG
facebook_corpus_msr_469126,CAG
facebook_corpus_msr_330493,CAG
facebook_corpus_msr_461213,CAG
facebook_corpus_msr_414478,NAG
facebook_corpus_msr_322521,OAG
facebook_corpus_msr_330465,NAG
facebook_corpus_msr_330430,OAG
facebook_corpus_msr_467546,CAG
facebook_corpus_msr_481838,CAG
facebook_corpus_msr_468725,NAG
facebook_corpus_msr_467645,CAG
facebook_corpus_msr_467759,CAG
facebook_corpus_msr_330105,OAG
facebook_corpus_msr_467545,NAG
facebook_corpus_msr_441360,OAG
facebook_corpus_msr_466401,NAG
facebook_corpus_msr_466710,NAG
facebook_corpus_msr_406625,OAG
facebook_corpus_msr_466649,CAG
facebook_corpus_msr_366254,CAG
facebook_corpus_msr_332148,NAG
facebook_corpus_msr_466629,CAG
facebook_corpus_msr_466505,CAG
facebook_corpus_msr_440956,OAG
facebook_corpus_msr_322520,CAG
facebook_corpus_msr_466650,CAG
facebook_corpus_msr_331502,OAG
facebook_corpus_msr_451312,CAG
facebook_corpus_msr_467661,CAG
facebook_corpus_msr_474230,CAG
facebook_corpus_msr_466460,OAG
facebook_corpus_msr_333619,CAG
facebook_corpus_msr_467719,CAG
facebook_corpus_msr_489369,OAG
facebook_corpus_msr_468929,NAG
facebook_corpus_msr_467714,CAG
facebook_corpus_msr_371697,OAG
facebook_corpus_msr_477491,NAG
facebook_corpus_msr_331567,OAG
facebook_corpus_msr_330415,OAG
facebook_corpus_msr_467857,NAG
facebook_corpus_msr_331480,CAG
facebook_corpus_msr_489195,NAG
facebook_corpus_msr_466734,CAG
facebook_corpus_msr_440995,CAG
facebook_corpus_msr_331491,CAG
facebook_corpus_msr_400967,OAG
facebook_corpus_msr_331483,OAG
facebook_corpus_msr_402035,OAG
facebook_corpus_msr_402023,CAG
facebook_corpus_msr_466392,CAG
facebook_corpus_msr_441344,CAG
facebook_corpus_msr_466722,CAG
facebook_corpus_msr_481839,NAG
facebook_corpus_msr_466714,CAG
facebook_corpus_msr_330376,OAG
facebook_corpus_msr_467566,CAG
facebook_corpus_msr_328478,CAG
facebook_corpus_msr_330464,OAG
facebook_corpus_msr_470719,CAG
facebook_corpus_msr_371602,OAG
facebook_corpus_msr_466783,CAG
facebook_corpus_msr_331493,CAG
facebook_corpus_msr_358307,CAG
facebook_corpus_msr_440997,NAG
facebook_corpus_msr_404784,CAG
facebook_corpus_msr_330488,CAG
facebook_corpus_msr_325850,CAG
facebook_corpus_msr_467838,CAG
facebook_corpus_msr_466518,NAG
facebook_corpus_msr_330425,OAG
facebook_corpus_msr_333562,CAG
facebook_corpus_msr_328713,NAG
facebook_corpus_msr_334591,CAG
facebook_corpus_msr_434821,CAG
facebook_corpus_msr_333881,OAG
facebook_corpus_msr_466462,CAG
facebook_corpus_msr_467653,CAG
facebook_corpus_msr_421413,OAG
facebook_corpus_msr_466662,OAG
facebook_corpus_msr_489002,OAG
facebook_corpus_msr_451316,OAG
facebook_corpus_msr_330398,CAG
facebook_corpus_msr_366290,OAG
facebook_corpus_msr_467858,CAG
facebook_corpus_msr_330426,NAG
facebook_corpus_msr_470724,CAG
facebook_corpus_msr_442497,NAG
facebook_corpus_msr_330492,NAG
facebook_corpus_msr_333951,OAG
facebook_corpus_msr_466861,OAG
facebook_corpus_msr_378742,CAG
facebook_corpus_msr_328716,CAG
facebook_corpus_msr_331699,NAG
facebook_corpus_msr_333822,CAG
facebook_corpus_msr_384455,NAG
facebook_corpus_msr_467710,NAG
facebook_corpus_msr_330461,OAG
facebook_corpus_msr_331117,CAG
facebook_corpus_msr_400847,NAG
facebook_corpus_msr_466647,OAG
facebook_corpus_msr_441246,CAG
facebook_corpus_msr_330411,CAG
facebook_corpus_msr_467713,CAG
facebook_corpus_msr_466449,CAG
facebook_corpus_msr_467839,CAG
facebook_corpus_msr_466438,CAG
facebook_corpus_msr_466682,OAG
facebook_corpus_msr_466782,NAG
facebook_corpus_msr_357881,OAG
facebook_corpus_msr_333790,CAG
facebook_corpus_msr_406624,CAG
facebook_corpus_msr_442516,OAG
facebook_corpus_msr_328482,OAG
facebook_corpus_msr_328483,OAG
facebook_corpus_msr_496715,NAG
facebook_corpus_msr_466512,NAG
facebook_corpus_msr_491242,NAG
facebook_corpus_msr_333682,NAG
facebook_corpus_msr_330087,CAG
facebook_corpus_msr_441316,CAG
facebook_corpus_msr_468448,CAG
facebook_corpus_msr_328724,OAG
facebook_corpus_msr_400969,CAG
facebook_corpus_msr_466590,CAG
facebook_corpus_msr_400891,OAG
facebook_corpus_msr_330427,OAG
facebook_corpus_msr_330396,CAG
facebook_corpus_msr_330387,OAG
facebook_corpus_msr_400961,OAG
facebook_corpus_msr_480421,NAG
facebook_corpus_msr_466611,NAG
facebook_corpus_msr_384451,OAG
facebook_corpus_msr_466648,CAG
facebook_corpus_msr_467804,CAG
facebook_corpus_msr_466681,OAG
facebook_corpus_msr_330460,CAG
facebook_corpus_msr_466583,CAG
facebook_corpus_msr_467772,CAG
facebook_corpus_msr_331112,CAG
facebook_corpus_msr_440942,OAG
facebook_corpus_msr_371612,OAG
facebook_corpus_msr_440057,CAG
facebook_corpus_msr_400829,NAG
facebook_corpus_msr_330448,OAG
facebook_corpus_msr_466720,NAG
facebook_corpus_msr_331501,NAG
facebook_corpus_msr_326678,OAG
facebook_corpus_msr_466612,CAG
facebook_corpus_msr_440961,CAG
facebook_corpus_msr_331537,CAG
facebook_corpus_msr_466548,CAG
facebook_corpus_msr_440931,CAG
facebook_corpus_msr_330480,CAG
facebook_corpus_msr_437973,OAG
facebook_corpus_msr_333811,NAG
facebook_corpus_msr_330403,OAG
facebook_corpus_msr_330478,NAG
facebook_corpus_msr_494750,NAG
facebook_corpus_msr_467718,CAG
facebook_corpus_msr_333539,CAG
facebook_corpus_msr_401108,CAG
facebook_corpus_msr_467541,CAG
facebook_corpus_msr_383604,CAG
facebook_corpus_msr_331500,OAG
facebook_corpus_msr_489140,CAG
facebook_corpus_msr_331467,CAG
facebook_corpus_msr_467782,NAG
facebook_corpus_msr_466636,CAG
facebook_corpus_msr_467832,OAG
facebook_corpus_msr_466461,CAG
facebook_corpus_msr_333786,CAG
facebook_corpus_msr_330388,CAG
facebook_corpus_msr_395507,OAG
facebook_corpus_msr_467692,CAG
facebook_corpus_msr_442501,NAG
facebook_corpus_msr_457784,NAG
facebook_corpus_msr_396191,OAG
facebook_corpus_msr_330459,OAG
facebook_corpus_msr_331469,NAG
facebook_corpus_msr_384444,CAG
facebook_corpus_msr_467800,CAG
facebook_corpus_msr_466499,CAG
facebook_corpus_msr_467840,NAG
facebook_corpus_msr_442945,OAG
facebook_corpus_msr_496232,OAG
facebook_corpus_msr_467705,CAG
facebook_corpus_msr_466403,CAG
facebook_corpus_msr_331476,CAG
facebook_corpus_msr_397250,CAG
facebook_corpus_msr_404783,NAG
facebook_corpus_msr_469144,NAG
facebook_corpus_msr_330392,OAG
facebook_corpus_msr_467824,NAG
facebook_corpus_msr_330497,OAG
facebook_corpus_msr_466402,CAG
facebook_corpus_msr_467830,CAG
facebook_corpus_msr_466514,NAG
facebook_corpus_msr_333576,CAG
facebook_corpus_msr_466779,CAG
facebook_corpus_msr_467660,CAG
facebook_corpus_msr_401176,OAG
facebook_corpus_msr_347168,CAG
facebook_corpus_msr_451233,OAG
facebook_corpus_msr_470730,CAG
facebook_corpus_msr_366395,OAG
facebook_corpus_msr_466621,CAG
facebook_corpus_msr_358025,CAG
facebook_corpus_msr_325461,OAG
facebook_corpus_msr_467607,CAG
facebook_corpus_msr_466625,CAG
facebook_corpus_msr_378027,OAG
facebook_corpus_msr_441121,CAG
facebook_corpus_msr_467860,CAG
facebook_corpus_msr_463988,NAG
facebook_corpus_msr_478172,CAG
facebook_corpus_msr_331485,OAG
facebook_corpus_msr_322509,OAG
facebook_corpus_msr_397216,NAG
facebook_corpus_msr_466506,OAG
facebook_corpus_msr_441285,NAG
facebook_corpus_msr_466859,CAG
